user_id,财经,电影,搞笑,健康,教育,旅游,美容,母婴育儿,女性,汽车,生活,时尚,体育,音乐,游戏,娱乐,资讯,自拍
dvid@@@ZpIhHC01WLkvDMuJR40i9Q==,1,1,0,0,1,1,0,0,0,1,1,0,0,0,1,1,1,1
dvid@@@IuZAy5lqEJKsk8TmQZlcIw==,0,1,0,0,0,1,0,0,0,1,1,0,0,1,1,1,1,1
dvid@@@qBeAQTSjrIWObKgabs2R/g==,1,1,0,0,0,0,0,0,0,1,1,0,0,1,1,0,1,1
dvid@@@bnE/k58GJ4JYkzGnAPPb2w==,1,1,0,0,0,1,0,0,0,1,1,0,0,1,1,0,1,0
dvid@@@+TMU4G0hNKItFlJBE8HADA==,0,1,0,0,0,1,0,0,0,1,1,0,0,1,1,1,0,0
dvid@@@uVsCBkf9wK1x3lrwtbm6Dg==,0,1,0,0,0,1,0,0,0,1,1,0,0,0,0,0,0,0
dvid@@@tS3P+AgmlkbVhyPDG8iIVA==,1,1,0,0,0,1,0,0,0,1,1,0,0,1,1,1,1,0
dvid@@@Ius0mJMb83Lo7BhmEKOHmw==,1,1,0,1,0,1,0,0,0,1,1,0,0,1,1,1,1,0
dvid@@@irDB/PNVs9ao7HYKCcNbMA==,1,1,0,0,0,1,0,0,0,1,1,0,0,1,1,1,1,0
dvid@@@wuSwOuuIksYzKpWpJiEsLg==,1,1,0,0,0,1,0,0,0,1,1,0,0,1,1,0,0,0
dvid@@@tLsoJSKBqb2X5T7zogvMuQ==,1,0,0,0,0,1,0,0,0,1,1,0,0,0,1,1,1,0
dvid@@@2SsJveO2hwwYu8/9TLJbiQ==,1,1,0,0,0,1,0,0,0,1,1,0,0,1,1,1,1,0
dvid@@@Q4SwI7Vq+0K3iQ1+94fmRA==,0,1,0,1,0,1,0,0,0,1,1,0,0,1,1,1,1,0
dvid@@@zAiByHsawSQX3kX2wPLQcw==,1,1,0,0,0,0,0,0,0,1,1,0,0,0,1,1,1,0
dvid@@@ja0AT4Kq6B15IWx87a+MaQ==,1,0,0,0,0,1,0,0,0,1,1,0,0,1,1,1,1,0
dvid@@@dZtn7zvCxpfbXQaFA2pagA==,1,1,0,0,0,1,0,0,0,1,1,0,0,1,0,1,1,1
dvid@@@cgtdBAx0AlsErM5qOk8bzw==,1,1,0,0,1,1,0,0,0,1,1,0,0,1,1,1,1,0
dvid@@@C77swBgV8QViZXjYRsjDlQ==,1,0,0,0,0,1,0,0,0,1,1,0,0,1,1,1,0,0
dvid@@@0WIzFcpmp8iz6dzWKAU1gg==,1,1,0,1,0,1,0,0,0,1,1,0,0,1,1,1,1,1
dvid@@@Zivksk68pO9KO+wGsVonKw==,1,1,0,0,0,1,0,0,0,1,1,0,0,1,1,1,1,1
dvid@@@a3KGOQDrcXrUoYvZmktSmA==,1,1,0,0,0,1,0,0,0,1,1,0,0,1,1,1,1,1
dvid@@@v0b/uh3HPR6TDW8aHFLkTg==,1,1,0,1,1,1,0,0,0,1,1,0,0,1,1,1,1,0
dvid@@@0845ck3CPLi19AaWpiKtOQ==,0,0,0,0,1,0,0,0,0,1,1,0,0,1,0,0,1,0
dvid@@@NxaLNKxeaXcaZ5V5M7ysnw==,1,1,0,0,0,0,0,0,0,1,1,0,0,1,0,0,0,0
dvid@@@NGg5/y0e0T1Qa3zQPNDnHA==,0,1,0,0,1,1,0,0,0,1,1,0,0,1,1,1,1,0
dvid@@@tQUgOQOiSIam2qoNk2Oe4A==,0,1,0,0,0,1,0,0,0,1,1,0,0,1,1,1,0,0
dvid@@@GZSfzl+OkxXY9razQK1gxA==,0,1,0,0,0,0,0,0,0,1,0,0,0,1,0,1,0,0
dvid@@@iHjpNa8GmIlU9k+O5QNJGA==,1,1,0,0,0,1,0,0,0,1,1,0,0,1,0,1,1,0
dvid@@@RqttSoB+81hgg8Z0JyI90w==,0,1,0,1,1,0,0,1,0,1,1,0,0,1,1,1,1,0
dvid@@@5tK2mEk22cIcL5hLWGFDcA==,1,1,0,1,0,1,0,0,0,1,1,0,0,1,1,0,1,0
dvid@@@0933Z7R9Gafz3KHGxW7ssA==,0,1,0,0,0,1,0,0,0,1,1,0,0,1,1,1,1,0
dvid@@@NRC/tDEzhBxohp2Zkm2h0w==,1,1,0,0,0,1,0,0,0,1,1,0,0,0,0,1,1,1
dvid@@@1k+4hwUxbLsXPu+JpXv2UA==,1,1,0,1,0,1,0,0,0,1,1,0,0,1,1,1,1,1
dvid@@@7VF3kB+nw+drFmc1U+xmog==,1,1,0,0,0,0,0,0,0,1,1,0,0,1,0,1,1,0
dvid@@@v4uCXDL03h4O71jFQXHCqQ==,0,0,0,1,0,0,0,0,0,1,1,0,0,0,0,1,0,0
dvid@@@ARGL9P7/qf5Q7HjLSYHshA==,0,1,0,1,0,1,0,0,0,1,1,0,0,0,1,1,1,0
dvid@@@M8bwd651AkxrGwMzaMRKPQ==,0,1,0,0,0,0,0,0,0,1,1,0,0,0,1,1,1,0
dvid@@@MatMPA5iAJTLcgatgDHJgQ==,0,1,0,1,1,1,0,0,0,1,1,0,0,1,1,1,0,1
dvid@@@MYoygU9PdCGBBgNwHStrfg==,1,1,0,1,0,1,0,0,0,1,1,0,0,1,1,0,1,1
dvid@@@ubWMVXyaSwcwwJBaU1tpig==,0,1,0,0,0,1,0,0,0,1,1,0,0,1,0,1,1,0
dvid@@@r5Uh2IfJEklpEM1X9PDaRQ==,1,1,0,0,0,1,0,0,0,1,1,0,0,1,1,1,1,1
dvid@@@viFaViPhYX5EGxZxtqOw2g==,0,1,0,0,0,0,0,0,0,1,1,0,0,1,1,1,1,0
dvid@@@HSGghojyf9NMVUGHTt8Ibw==,1,1,1,1,1,1,0,0,0,1,1,0,0,1,1,1,1,1
dvid@@@4bxuYux+FCTe6yiew/BYNw==,1,1,0,0,0,1,0,0,0,1,1,0,0,1,1,1,1,1
dvid@@@t1jUhfuNVKxcGmt27oaCvA==,1,1,0,0,0,1,0,0,0,1,1,0,0,1,1,1,1,0
dvid@@@j1Mgd1VVDkz4U6ELOZO3zQ==,0,0,0,0,0,1,0,0,0,1,1,0,0,1,0,1,1,0
dvid@@@EDJzIIby+4W1WElhFfAIXQ==,0,1,0,0,0,0,0,0,0,1,1,0,0,1,1,1,1,0
dvid@@@ZixJQrTM8xpCJHVFNzhaXg==,0,1,0,0,0,1,0,0,0,1,1,0,0,1,1,1,0,1
dvid@@@hq8/x8NWb3cHp8DVkRZFtw==,0,1,1,0,0,1,0,0,0,1,1,0,0,1,0,1,1,1
dvid@@@yct3kb3Px3dyW6FMo1zdwA==,1,1,0,0,0,1,0,1,0,1,1,0,0,1,1,1,1,0
dvid@@@SkorgkbtQKyb14+CEYk8sg==,0,1,0,1,1,1,0,1,0,1,1,0,0,1,1,1,1,0
dvid@@@eTcwM1JXJv9elGjCL3YgDg==,0,1,0,0,0,1,0,0,0,1,1,0,0,1,1,0,0,1
dvid@@@sihCJTx0tkkt/k4K+3coYQ==,0,1,0,1,0,1,0,0,0,1,1,0,0,1,1,1,1,0
dvid@@@tPdaHKYn0xuqWeSZadbOBg==,0,1,0,0,0,1,0,0,0,1,1,0,0,0,0,1,1,0
dvid@@@qn2XOKoJPH7y55PhMRHcaw==,0,1,0,1,0,1,0,1,0,1,1,0,0,1,1,1,1,1
dvid@@@qCSWxVP8cwvjSVt52caeTw==,0,1,0,0,0,0,0,0,0,1,1,0,0,0,0,0,1,0
dvid@@@SsUR5jTvrypD7UQy2GuW3g==,0,1,0,0,0,1,0,0,0,1,1,0,0,1,1,1,1,1
dvid@@@wsdbE22m5hMCW3Zt2ItMhQ==,1,1,0,0,0,1,0,0,0,1,1,0,0,1,1,1,1,1
dvid@@@xXAqtGvOEvifP9cdrYNy9w==,0,1,0,1,0,1,0,0,0,1,1,0,0,1,1,1,1,0
dvid@@@e5VlDsyxAPlbQ+PaxeNhhw==,1,1,0,1,0,1,0,1,0,1,1,0,0,1,1,1,0,0
dvid@@@mQ7D5Y1QiGy1XDdeO8uogQ==,0,1,0,1,0,1,0,0,0,1,1,0,0,1,0,1,1,0
dvid@@@UrSLV2se/0SBo3WYzoksRQ==,0,1,0,0,0,1,0,0,0,1,1,0,0,1,1,0,0,0
dvid@@@SonHtR7I+mh0qxnVO6Am1A==,0,1,0,0,0,1,0,0,0,1,1,0,0,0,1,1,1,0
dvid@@@sziqYCMlZAiKqR+M+4bFrA==,0,1,0,1,1,1,0,0,0,1,1,0,0,1,1,1,1,0
dvid@@@H/+uxd0w2EKcvDmZ+FZWuA==,0,0,0,0,1,0,0,0,0,1,1,0,0,0,0,1,0,0
dvid@@@YH46m0h8ouK7xbqHnpeTMA==,1,1,0,0,0,1,0,0,0,1,1,0,0,1,0,0,1,1
dvid@@@yadhFGOOL+hiSWZ7pRTxCw==,0,1,0,0,1,1,0,0,0,1,1,0,0,1,0,1,0,0
dvid@@@wJVSDEajG9HWr9bwyR3tNg==,0,1,0,0,0,1,0,1,1,1,1,0,0,1,1,1,1,1
dvid@@@ZwWUel0+XseHAD0HZ7ggog==,0,1,0,1,0,1,0,0,0,1,1,0,0,1,0,1,1,0
dvid@@@wHLdRAeQM/b18lcXbMwGnw==,0,1,0,1,0,1,0,0,0,1,1,0,0,1,1,1,1,0
dvid@@@zUrXDaZN6g9pQNzr5JFhKw==,1,1,0,1,1,1,0,0,0,1,1,0,0,1,1,1,0,1
dvid@@@Gi9g1yrfevI5qGxZOxa0Gg==,0,1,0,1,0,1,0,0,0,1,1,0,0,1,1,1,1,1
dvid@@@fQNSPzB31mkLJtxh4nX3pQ==,1,1,0,1,1,1,0,0,0,1,1,0,0,1,1,1,1,0
dvid@@@JoMsIm4jvvEfRLG7nNMHjw==,0,1,0,0,0,1,0,0,0,1,1,0,0,0,1,1,1,0
dvid@@@vm94Mgg+DUgSV7ZMrIg/Qg==,0,1,0,0,0,1,0,0,0,1,1,0,0,1,1,1,1,0
dvid@@@v97BDEp25c2h+nv+sZf0SQ==,1,1,0,0,0,1,0,0,0,1,1,0,0,1,1,1,1,1
dvid@@@I7PLwyy1LrRYrnpW8Jisjg==,1,1,0,0,0,1,0,1,0,1,1,0,0,0,0,0,1,1
dvid@@@FHpa3iw44DrtLqdqXGWCWQ==,1,1,0,0,0,1,0,0,0,1,1,0,0,1,0,0,1,0
dvid@@@5mFc8AI8EEhw3A0S9RIZvA==,0,1,0,0,0,1,0,0,0,1,1,0,0,1,0,0,1,0
dvid@@@0KtAEPikc5SI3u6yaefHAA==,1,1,0,0,0,0,0,0,1,1,1,0,0,1,0,1,0,1
dvid@@@vTqd1r7Wf13Abl1zeuXGvw==,1,1,0,1,1,1,0,0,0,1,1,0,0,1,1,1,1,1
dvid@@@3K+jQw0vi/gBqhJV0nP+8w==,0,1,0,0,0,1,0,0,0,1,1,0,0,1,0,1,1,0
dvid@@@GBitLRVYshP9C550j30soA==,1,1,0,0,1,1,0,1,0,1,1,0,0,1,1,1,0,0
dvid@@@dOIscOrabVH9c/sK4omPmw==,1,1,0,1,0,1,0,0,0,1,1,0,0,1,1,1,1,0
dvid@@@7WE02shK6kOuKbY2GdHRWg==,1,0,0,0,1,1,0,0,0,1,1,0,0,1,0,0,1,0
dvid@@@WFJvcn2SqIN5Z/PeXSX27A==,0,1,0,0,0,1,0,0,0,1,1,0,0,1,0,1,0,0
dvid@@@fnspqgPnwPoVAPFWibt7oQ==,1,0,0,0,0,1,0,0,0,1,1,0,0,1,1,1,0,1
dvid@@@maxHDGhCxeypx7K/dgRHfA==,1,1,0,0,1,1,0,0,0,1,1,0,0,1,1,1,1,1
dvid@@@yenLxEL+rJua8KEExN8MRA==,0,1,0,0,0,1,0,0,0,1,1,0,0,1,1,1,1,0
dvid@@@DPf879goEVsGIXiqmL8CdA==,0,1,0,0,0,1,0,0,0,1,1,0,0,1,1,1,1,0
dvid@@@R+UgoVAq75eKEW+vCH/kBw==,0,0,0,0,0,1,0,0,0,1,1,0,0,1,1,1,0,0
dvid@@@UC0BVxUDBqAJhpxhAsg/bw==,1,1,0,0,0,0,0,0,0,1,1,0,0,1,0,1,0,0
dvid@@@j3Mtqymol9lw4qDUqogBsw==,0,1,0,0,0,1,0,0,0,1,1,0,0,0,1,1,1,1
dvid@@@J0AKdP4dpmAppX1CbqGh3g==,1,1,0,1,0,1,0,0,0,1,1,0,0,1,1,1,1,1
dvid@@@3RTboPiK9GZXOgS/hctDiw==,0,1,0,0,0,1,0,0,0,1,1,0,0,1,1,1,0,1
dvid@@@E9oyP3xpDvisBvGIs6C0og==,1,1,0,0,0,0,0,1,0,1,1,0,0,1,0,1,1,0
dvid@@@TmQjXpYkmqH3KRZkiQrazQ==,1,0,0,0,0,0,0,0,0,1,1,0,0,1,1,0,0,1
dvid@@@VlRhA+RKcjZa3oE6cdt02g==,1,1,0,1,0,1,0,0,0,1,1,0,0,1,1,1,1,1
dvid@@@Erf/6qlrGZVl431ROfY/0A==,0,0,0,0,0,1,0,0,0,1,1,0,0,0,0,0,1,0
dvid@@@TIejc8iunhmztp2e/p54Hg==,1,1,0,1,0,1,0,0,0,1,1,0,0,1,0,1,1,0
dvid@@@ZUGoUPKTEgXui2hCJJk9xQ==,1,1,0,1,0,1,0,0,0,1,1,0,0,1,1,1,1,0
dvid@@@VoGOPQmqkDqVxhfGwIWLLQ==,1,1,0,0,0,1,0,1,0,1,1,0,0,1,1,1,1,0
dvid@@@VYGky6gB2h48kIPoYrpCzg==,1,1,0,0,0,1,0,0,0,1,1,0,0,1,0,1,0,0
dvid@@@S8IJjHUl6AFp24jjGRkCmGN9hmmXi/N7Af4pVA/WO5A=,0,1,0,0,0,1,0,0,0,1,1,0,0,0,1,1,1,0
dvid@@@Mc4kJg8E3meEXC8Eey/vvg==,0,1,0,0,0,0,0,0,0,1,1,0,0,1,0,1,1,1
dvid@@@9AgAbQE2mjJF8QJXw73K1w==,0,1,0,0,0,1,0,1,0,1,1,0,0,0,0,1,1,1
dvid@@@bw/r1cWdQkrRuA0jxdKufg==,1,1,0,0,0,1,0,0,0,1,1,0,0,1,1,1,1,1
dvid@@@lEQm7nhyhZLYq82kQ6gxVA==,0,0,0,1,1,1,0,0,0,1,1,0,0,1,1,1,1,0
dvid@@@5/rY+R+UseOZF6oc+lDdLQ==,1,0,0,0,0,1,0,0,0,1,1,0,0,1,0,1,0,0
dvid@@@NUJperIAD7xkpTZF877vlQ==,1,1,0,0,0,1,0,0,0,1,1,0,0,1,1,1,1,1
dvid@@@OsTVEhJS+D6160Zel2wFcg==,0,1,0,0,0,0,0,0,0,1,1,0,0,0,1,1,0,0
dvid@@@6DV4YrNlop2YTsoE49PhQg==,1,1,0,1,1,1,0,1,0,1,1,0,0,1,1,1,1,0
dvid@@@u94wjbSIvuce5oucLmZ2VQ==,0,1,0,0,0,1,0,0,0,1,1,0,0,1,0,1,0,0
dvid@@@x7hwNwfY8PkEbvzPbfXgTA==,0,0,0,0,0,0,0,0,0,1,1,0,0,0,0,1,0,0
dvid@@@ebyuqi0llGVJU5eVRqCB6g==,0,1,0,1,0,1,0,0,0,1,1,0,0,1,0,1,1,0
dvid@@@H+F/LYhvRBvhZHb8p86vaA==,0,1,0,0,0,1,0,0,0,1,1,0,0,0,1,1,1,0
dvid@@@kJXS3rxTI0eCweFxoCx9/w==,0,1,0,0,0,1,0,0,0,1,1,0,0,1,0,1,0,0
dvid@@@+4JFm8iTL5T5z+9g0n4U4A==,1,1,0,0,0,1,0,0,0,1,1,0,0,0,1,1,0,0
dvid@@@1cCWR5QB0+3ahqOf1p6qZw==,1,1,0,1,1,1,0,0,0,1,1,0,0,1,1,1,1,0
dvid@@@oMECD4XsYLCZ9DMKMyMXNw==,1,1,0,0,0,1,0,0,0,1,1,0,0,1,0,1,1,0
dvid@@@9JpFAIUBxoWndO4y2op3pQ==,1,1,0,0,0,1,0,0,0,1,1,0,0,1,0,1,1,1
dvid@@@znCMfoT3Je2mzO98kyreaA==,0,1,0,0,0,1,0,0,0,1,1,0,0,0,0,0,0,0
dvid@@@Z/rvzQAB6VMJbvuiJtKtjw==,0,1,0,0,1,1,0,0,0,1,1,0,0,1,1,1,1,0
dvid@@@UzWqz4SiPgnfWGcBw9J9qA==,0,1,0,0,0,1,0,0,0,1,1,0,0,1,1,1,1,0
dvid@@@j/bE2gL9BElaouTLnI8SZw==,0,1,0,0,0,1,0,0,0,1,1,0,0,1,1,1,1,1
dvid@@@Ax+TZj+tXHCPOOPogXm0iGN9hmmXi/N7Af4pVA/WO5A=,1,1,0,0,0,1,0,0,0,1,1,0,0,1,1,1,1,0
dvid@@@xOBN4vSZjsfYf6L0qJPPvQ==,0,1,0,0,0,0,0,0,0,1,1,0,0,1,0,1,1,0
dvid@@@Cbto8xds7BFsUq/4CcuV3g==,0,1,0,0,0,1,0,1,0,1,1,0,0,1,1,1,1,1
dvid@@@XTUpKXuDdq6tnPIIxAGpzA==,1,1,0,0,0,1,0,0,0,1,1,0,0,1,1,1,0,0
dvid@@@J5n/6Uf4n6lOJ3Glj5M3nQ==,0,1,0,0,0,1,0,0,0,1,1,0,0,1,1,1,1,1
dvid@@@Xn8AXj7JRBGL87lHHMEZWQ==,0,0,0,1,0,1,0,0,0,1,1,0,0,0,1,1,1,1
dvid@@@Nw9tek8geQVhrcjpKXyzgw==,1,1,0,0,0,1,0,1,0,1,1,0,0,1,1,1,1,1
dvid@@@XoUTV2mDtt2Yda289ZQB7g==,0,1,0,0,0,1,0,0,0,1,1,0,0,1,0,1,1,0
dvid@@@isRsskCLM8qOzMDKAzRH+g==,1,1,0,1,0,1,0,0,0,1,1,0,0,0,1,1,1,0
dvid@@@qz1LzSr4mhBRsAl1suWPqA==,0,1,0,0,0,1,0,0,0,1,1,0,0,1,0,1,1,0
dvid@@@yV4xauZdlfqr/ZgznjzqGQ==,1,0,0,1,0,0,0,0,0,1,1,0,0,1,1,1,0,0
dvid@@@qwa3eaL8NTNMJ8yDz1OEFg==,1,1,0,0,0,1,0,0,0,1,1,0,1,1,1,0,0,0
dvid@@@Djp3mdYxY8+mG3pc9twPKw==,0,1,0,1,0,1,0,0,0,1,1,0,0,1,1,1,1,1
dvid@@@t/7SDpQcC/Bhzmtq9j4wnQ==,0,1,0,0,0,1,0,0,0,1,1,0,0,0,1,0,0,0
dvid@@@Tssd9USRc3kHg3w+x8s21Q==,0,1,0,0,0,0,0,0,0,1,1,0,0,1,1,1,1,0
dvid@@@yJp50W+5zvm8lJ9ZDWyfQg==,1,1,0,0,0,1,0,0,0,1,1,0,0,1,1,1,1,1
dvid@@@qPMlcH2G12Hve6MY2JpLNQ==,1,1,0,1,0,1,0,0,0,1,1,0,0,0,1,1,1,0
dvid@@@oex6WIc4cC0Vaue8RqCzWQ==,0,1,0,0,0,1,0,0,0,1,1,0,0,1,0,1,1,0
dvid@@@7H5uhj3G+cxjl3Tp5Z34xA==,1,1,0,1,0,1,0,0,0,1,1,0,0,1,0,1,1,0
dvid@@@Dllk8wsUiD01mQGn4zTquQ==,1,1,0,0,1,1,0,0,0,1,1,0,0,1,0,1,0,0
dvid@@@DFDmaLADvdrSl4UNVtRPsQ==,1,1,0,0,1,1,0,0,0,1,1,0,0,1,1,1,1,0
dvid@@@uw03kzs4UkEuD/yyEQnaXw==,0,1,0,0,0,0,0,0,0,1,1,0,0,0,0,0,0,0
dvid@@@auX1UEH5cGon7ZdkGjk91Q==,0,1,0,0,0,1,0,0,0,1,1,0,0,1,1,1,1,1
dvid@@@mx98MLTwC4FT5JamesDGYg==,0,0,0,0,0,1,0,0,0,1,1,0,0,1,1,1,1,1
dvid@@@3X8CSSyIFsdIdGawnIc0+Q==,0,1,0,0,0,1,0,0,0,1,1,0,0,1,1,1,1,0
dvid@@@2jlQZmH6RgTxIKJn6DhKHw==,1,1,0,0,0,1,0,0,0,1,1,1,0,1,1,1,1,0
dvid@@@g84JHjJDxqAp5A/h9tZR5Q==,0,1,0,1,0,1,0,1,0,1,1,0,0,1,1,1,1,1
dvid@@@UyimqK76j2I/z0RLPcFfzg==,1,1,0,0,0,1,0,0,0,1,1,0,0,1,1,1,1,0
dvid@@@AGuhfuClDml2+jQNSfaI2g==,0,1,0,0,0,0,0,0,0,1,1,0,0,0,1,1,0,0
dvid@@@5hzDfltZ/Fqn02WX9Sdx1A==,1,1,0,0,0,1,0,0,0,1,1,0,0,1,1,1,1,0
dvid@@@MwKc1k06Bjn3WJ9mOShx+g==,1,1,1,0,0,0,0,0,0,1,1,0,0,1,0,1,1,1
dvid@@@6WltmCiL77jl5ZTNOxXmEA==,0,1,1,0,0,1,0,0,0,1,1,0,0,1,1,1,1,0
dvid@@@+sFgGCHzViiCG4Z4tclDhg==,0,1,0,1,0,0,0,0,0,1,1,0,0,1,0,1,1,1
dvid@@@bIdaUWy7iq26glHpvmxnag==,1,1,0,0,0,1,0,1,0,1,1,0,0,1,1,1,1,1
dvid@@@+4JP9cbGGptFAkxamzdCsg==,1,1,0,0,1,1,0,1,1,1,1,0,0,1,1,1,1,1
dvid@@@GgORJJHfHKJzROBB7oe/rw==,1,1,0,0,0,1,0,0,0,1,1,0,0,1,1,1,1,0
dvid@@@eXjHArbm6nBaGggQzktoHw==,0,1,0,0,0,1,0,0,0,1,1,0,0,1,1,1,1,0
dvid@@@jhdmnLA1VDcH38sG5XU2kg==,1,1,0,0,1,1,0,0,0,1,1,0,0,1,1,1,1,0
dvid@@@b08jGKA7SQtaA/zDJF/raA==,0,0,0,0,0,1,0,0,0,1,1,0,0,1,0,0,1,0
dvid@@@5vMenuBTejKizZM9fMk0Nw==,0,1,0,1,0,0,0,0,0,1,1,0,0,1,0,1,0,0
dvid@@@wb7TcFnj/Q/gT/4u1g8+EA==,1,1,0,0,0,1,0,0,0,1,1,0,0,1,1,1,1,0
dvid@@@YVZjsnaclCmFbUym+R/lMQ==,1,1,0,0,0,1,0,0,0,1,1,0,0,1,1,1,1,0
dvid@@@nwmNWVXqoxizpU4fA3QO6Q==,0,0,0,0,0,0,0,0,0,1,1,0,0,1,0,1,0,0
dvid@@@wgAIMTFwu2Py9yqgg8V03g==,1,1,0,0,0,1,0,0,0,1,1,0,0,1,0,1,1,0
dvid@@@U3ZbXmn1+djZxkeCmubHMw==,0,0,0,0,0,0,0,0,0,1,1,0,0,0,0,1,1,0
dvid@@@HgJQPNo3Ltv5y8zI8hXJ0A==,1,1,0,0,0,1,0,0,0,1,1,0,0,1,1,1,1,0
dvid@@@v2eKeYBCw/xOOl1+a14IJQ==,0,1,0,0,0,1,0,0,0,1,1,0,0,1,1,1,1,1
dvid@@@liTByd2jvhWU/t9AYMLP6g==,0,1,0,0,0,1,0,0,0,1,1,0,0,1,1,1,0,0
dvid@@@8H1EezWCfcMIKbrIAVNqmA==,0,1,0,0,0,0,0,0,0,1,1,0,0,1,0,0,1,0
dvid@@@EYC6gfAaw87EZVBhL0whLg==,0,1,0,0,0,1,0,0,0,1,1,0,0,1,1,1,1,0
dvid@@@zMJdmClGAzOLFCKtMoWsdA==,0,0,0,0,0,1,0,0,0,1,1,0,0,1,0,0,0,0
dvid@@@GwMDFqNfZLxYwzawUur4Lg==,1,0,0,0,0,0,0,0,0,1,1,0,0,1,1,1,0,1
dvid@@@j5ZjB3wbUzJ/MU40pcZ8Aw==,1,0,0,0,0,1,0,0,0,1,1,0,0,0,1,1,0,0
dvid@@@h+5MfC8p+3jAsKqexw83sg==,0,1,0,0,0,0,0,0,0,1,1,0,0,0,1,1,1,0
dvid@@@Q0LumKPzhNbovckgLjI/fQ==,1,1,0,0,0,1,0,0,0,1,1,0,0,1,1,1,1,0
dvid@@@vYiMiTBjIEoDz7GH5MNIgw==,1,1,0,1,0,1,0,0,0,1,1,0,0,1,1,1,1,1
dvid@@@0LC3eUXhEhoIdnLF+Xtb0Q==,1,1,0,0,0,1,0,0,0,1,1,0,0,1,1,1,1,1
dvid@@@o2N/XjAjY9izrJbhTSmCsw==,1,1,0,0,0,1,0,0,0,1,1,0,0,1,1,1,0,0
dvid@@@9POFPRePK9YGMuR+pSJpTg==,1,1,0,1,0,0,0,0,0,1,1,0,0,0,1,1,1,0
dvid@@@cB3AClBv+2UoMKHKjZ9TzQ==,0,1,0,0,0,1,0,0,0,1,1,0,0,0,1,1,1,1
dvid@@@UwQmwPwZlpSlY9qmr0pXPw==,0,1,0,0,0,0,0,0,0,1,1,0,0,1,1,0,1,0
dvid@@@Nk7lUBH+NQzgKZ4hNEDJ2g==,0,0,0,0,0,0,0,0,0,1,1,0,0,1,0,0,0,0
dvid@@@Bk04AjDz7WRW2feT+OlFOA==,0,1,0,0,0,1,0,0,0,1,1,0,0,1,1,1,1,0
dvid@@@RW7zTcYijYL4aAg/IDUeoA==,0,1,0,0,0,1,0,1,0,1,1,0,0,1,1,1,0,0
dvid@@@rM2mw6seZWzmpuGiNLPuug==,1,1,0,0,0,1,0,0,0,1,1,0,0,1,1,1,1,1
dvid@@@nd1OvJMwI7dlZSBgIOxIVg==,0,1,0,1,0,0,0,0,0,1,1,0,0,0,0,1,1,0
dvid@@@Im0MRUCxTAKdpfII6cj6Aw==,0,1,0,1,0,1,0,0,0,1,1,0,0,1,1,1,1,1
dvid@@@5ZEbpXyDeqYdRcV2qEc72A==,0,1,0,0,0,1,0,0,0,1,1,0,0,1,0,1,0,1
dvid@@@Ewa96occHY0+G+h688Pv7g==,1,1,0,0,1,1,0,0,0,1,1,0,0,0,1,1,1,0
dvid@@@PsFEWFrsND3vV5XXzu9Kpw==,1,1,0,0,0,1,0,0,0,1,1,0,0,1,1,1,1,0
dvid@@@pm+DPnBj4V6V8XTrb5BTiw==,1,1,0,1,0,1,0,1,0,1,1,0,0,1,1,1,1,1
dvid@@@Gv3pNVGoWqLHazsI6PGslw==,0,1,1,1,0,1,0,0,0,1,1,0,0,1,1,1,0,0
dvid@@@5zeXGnfhMcJyMm+ilRbcgg==,1,1,0,0,0,0,0,0,0,1,1,0,0,1,1,0,1,1
dvid@@@mcrLnaSYNvle9HTI1vpLsw==,0,1,0,0,0,0,0,0,0,1,0,0,0,0,1,1,1,0
dvid@@@ry54xBMWoCajk5BYLM+5jw==,0,1,0,0,0,1,0,0,0,1,1,0,0,1,1,1,1,1
dvid@@@fSk/jUaWH3UFCqbkLDd8YWN9hmmXi/N7Af4pVA/WO5A=,1,1,0,0,0,0,0,0,0,1,1,0,0,1,1,1,1,0
dvid@@@JQr/53YmIvPoH+SR6ywwBw==,1,1,0,1,0,1,0,0,0,1,1,0,0,1,1,1,0,0
dvid@@@wW6kN5T23zKoUQNRPwzs1g==,0,1,0,0,0,1,0,0,0,1,1,0,0,1,1,1,1,0
dvid@@@GBXNjaLmYs6DLdFhhOD2Zw==,1,1,0,0,0,1,0,0,0,1,1,0,0,1,0,1,1,0
dvid@@@+bQjaiBYrEbnMNtrR7I+2Q==,1,0,0,0,0,1,0,0,0,1,1,0,0,0,0,1,1,0
dvid@@@dCipQ5ESZ96OGsbbyLBbsA==,0,1,0,0,0,0,0,0,0,1,1,0,0,0,1,1,0,0
dvid@@@Xz92q0kHbfx8TUA2DMGYpQ==,0,1,0,0,0,1,0,0,0,1,1,0,0,1,1,1,1,0
dvid@@@G4U2Tty6q5lI5IrjI9gjZg==,0,1,0,1,0,1,0,1,0,1,1,0,0,1,1,1,1,0
dvid@@@tbzhyUCV0EiHr2WQwQkJiQ==,0,1,0,0,0,0,0,0,0,1,1,0,0,1,0,1,0,0
dvid@@@3vrVxglC6k6hlMNWl9IbPDKi8i6gwYzbjMb39hEBwnVjfYZpl4vzewH+KVQP1juQ,0,0,0,0,0,0,0,0,0,0,0,0,0,0,0,0,0,0
dvid@@@Iz1ePHSKSCI4IW9sSas8Gg==,1,1,1,0,0,1,0,0,0,1,1,0,0,1,1,1,1,1
dvid@@@hHov6sYH4Q9HQtSL4HDbww==,0,0,0,0,0,0,0,0,0,1,0,0,0,1,0,0,0,0
dvid@@@DtxzxIBurLDSw0Dd/ire9g==,1,1,0,1,0,1,0,0,0,1,1,0,0,1,1,1,1,1
dvid@@@h8271T6HHKqfqSyfbLDzAw==,1,1,0,0,0,1,0,0,0,1,1,0,0,1,0,0,1,0
dvid@@@th8VRx5PQ8jECGrdWXXxeA==,0,1,0,0,0,1,0,0,0,1,1,0,0,1,1,1,1,0
dvid@@@fX0iuyJ8lBrqV7S2ujcQpg==,1,1,0,0,0,1,0,0,0,1,1,0,0,1,1,1,1,1
dvid@@@Kkq0CwCDP8aP9fD20g7+Dg==,0,1,0,0,0,1,0,0,0,1,1,0,0,1,1,1,1,1
dvid@@@O9ipjw7Jl/RaxAmVGrecaw==,1,1,0,0,0,1,0,0,0,1,1,0,0,1,1,1,0,0
dvid@@@LkuYN7CDGaoae2Ta4wIv+A==,1,1,0,1,0,1,0,1,0,1,1,0,0,1,1,1,1,0
dvid@@@te5d6q7glBWE67LWmOEr/Q==,0,1,0,1,0,1,0,0,0,1,1,0,0,1,1,1,1,0
dvid@@@oD793kTMFgwrGTsYBme4eg==,1,1,0,0,1,1,0,0,0,1,1,0,0,1,1,1,1,0
dvid@@@15+wT69pRrJ/35e6QAZS4Q==,1,1,0,0,0,1,0,1,0,1,1,0,0,1,1,1,0,0
dvid@@@NlgSwlLT8Qm8e3Lf8BEjJg==,0,1,0,0,0,0,0,0,0,1,1,0,0,0,0,0,1,0
dvid@@@0Z87W9BsPZyc88j3H8XbGQ==,1,0,0,0,0,1,0,0,0,1,1,0,0,1,0,1,1,0
dvid@@@NTe0M4evKgfnoYRErLF2oQ==,0,1,0,0,0,1,0,0,0,1,1,0,0,1,1,1,1,0
dvid@@@RXN+uR6wjT3rJ+YGtUr1UA==,0,1,0,0,0,1,0,1,0,1,1,0,0,1,1,1,1,0
dvid@@@/exRuXhknxEidgyuDzhdBw==,0,1,0,0,0,0,0,0,0,1,1,0,0,1,0,1,0,1
dvid@@@+u9etoYdSb1m9tCSTbS7gA==,1,1,0,0,0,1,0,0,0,1,1,0,0,1,1,1,1,1
dvid@@@iou/PTcHAgtOBGNuAJTf7Q==,1,1,0,0,0,1,0,0,0,1,1,0,0,1,0,1,1,0
dvid@@@xINGYNRrZMNx3TWC4p/D6Q==,1,1,0,1,0,1,0,0,0,1,1,0,0,1,0,0,1,1
dvid@@@5fhsNW/TZoFAEkefQL6Pjg==,1,1,0,0,0,1,0,0,0,1,1,0,0,1,1,1,1,0
dvid@@@OBNd8F7ONGBNw7PJbjru/Q==,1,1,0,0,1,1,0,0,0,1,1,0,0,1,1,1,0,1
dvid@@@U1Dnwto94rEtf8qjlFiU3w==,0,1,0,0,0,0,0,0,0,1,1,0,0,1,0,1,1,0
dvid@@@/Ow5yTYFF6xHQNHGyV0GSw==,0,0,0,0,0,0,0,0,0,1,1,0,0,1,1,1,0,1
dvid@@@BEnCjZvU8BDDRiRCdJnX3w==,0,0,0,0,0,1,0,0,0,1,1,0,0,1,0,1,1,0
dvid@@@bp7xGe+ZFCCPtl+e8fD6tA==,0,1,0,0,0,0,0,0,0,1,1,0,0,1,1,0,1,0
dvid@@@Tsjns0PKxFztBtLqPJWY3g==,1,1,0,0,0,1,0,1,0,1,1,0,0,1,1,1,0,1
dvid@@@pBrub1OgmaDLwDj+laNdRA==,1,1,0,1,0,1,0,0,0,1,1,0,0,1,1,1,1,0
dvid@@@hbHzOfu1FHI0EYBSXRRJDw==,0,1,0,0,0,1,0,1,0,1,1,0,0,1,1,1,1,0
dvid@@@HDMEAQXNZnfCixlK7pFgeQ==,1,0,0,0,0,1,0,0,0,1,1,0,0,1,1,1,1,1
dvid@@@9ZtjS2hoq2iHshYr2XobzA==,0,1,0,0,0,1,0,1,0,1,1,0,0,1,1,1,1,1
dvid@@@LCbe5fy8kpcCD6dPsELUr2N9hmmXi/N7Af4pVA/WO5A=,0,1,0,0,1,1,0,1,0,1,1,0,0,1,0,0,1,1
dvid@@@tPLMvNt418eQy54uP6231g==,0,0,0,0,0,0,0,0,0,1,0,0,0,0,0,0,0,0
dvid@@@G2nlpIgm51YLk23J7EWOoA==,1,1,0,0,0,1,0,0,0,1,1,0,0,1,1,1,1,1
dvid@@@lV+g9WmhTUILlKYbo5Iriw==,0,0,0,1,0,0,0,0,0,1,1,0,0,1,1,0,1,0
dvid@@@H9pT57V5u06f0A5FrJY/jQ==,1,0,0,0,0,0,0,0,0,1,1,0,0,1,0,1,1,0
dvid@@@qvib1XYcH5hQZYvrvlr3Zw==,1,1,0,0,0,1,0,0,0,1,1,0,0,1,1,1,0,0
dvid@@@K6bnlLRVvlP9PHXTNYRQ1g==,0,1,0,0,1,1,0,0,0,1,1,0,0,1,1,0,1,0
dvid@@@2rS8Sy2aZ5RHdJisaLoJfg==,1,1,0,1,1,1,0,1,0,1,1,1,0,1,1,1,1,1
dvid@@@N3xrlJSGYU9jGNRzIpRlCg==,1,1,0,1,1,1,0,0,0,1,1,0,0,1,1,1,1,0
dvid@@@8xk6XCvjwiCilzcQDf3ChA==,1,1,0,0,0,0,0,0,0,1,1,0,0,1,1,1,1,0
dvid@@@wOKmVa9dNL79T7QfwMfFBw==,1,1,0,1,0,1,0,0,0,1,1,0,0,1,0,1,0,0
dvid@@@j8W7o42wP19TcA5+eihjOw==,0,0,0,1,0,1,0,0,0,1,1,0,0,1,1,1,1,1
dvid@@@vaqJBj15f3UHN29e9Fi1fA==,0,0,0,0,0,1,0,0,0,1,1,0,0,1,1,1,1,0
dvid@@@TZ9bWAy+7Tsi1ui3AwhXsA==,0,1,0,0,0,0,0,0,0,1,1,0,0,1,1,1,0,0
dvid@@@mdnPmlP/LCbr54dF2sevwQ==,0,1,1,0,0,0,0,0,0,1,1,0,0,0,1,1,1,0
dvid@@@HARvXAMp5NBhPvlfgiPPn2N9hmmXi/N7Af4pVA/WO5A=,0,1,0,0,0,0,0,0,0,1,1,0,0,0,0,0,1,0
dvid@@@ivdgwUpPfgixlEnXd9vVyw==,1,0,0,0,1,0,0,0,0,1,1,0,0,0,0,1,0,0
dvid@@@7KY9p8TUVRiy3v2HccBelg==,1,1,0,0,1,1,0,0,0,1,1,0,0,1,1,1,1,1
dvid@@@Um7n46i0RDsp+T3axgCqFw==,1,1,0,0,0,1,0,0,0,1,1,0,0,0,1,1,1,0
dvid@@@P/VAMUmpFdQxc+1pzxe+Wg==,1,1,0,0,0,1,0,0,0,1,1,0,0,1,0,1,1,0
dvid@@@WRC6K8UQk0PWVM35qhKVZA==,0,1,0,0,0,1,0,0,0,1,1,0,0,1,1,1,1,1
dvid@@@moQCDjLYwJuLNoodnNLCFw==,1,1,0,0,0,1,0,0,0,1,1,0,0,1,1,1,1,0
dvid@@@ze9uKoIBZEjb9H5tlp8c/g==,0,1,0,0,0,1,0,0,0,1,1,0,0,1,1,1,1,0
dvid@@@3Bj1crj/Oj6j53Zs0Mim+Q==,1,1,0,0,0,1,0,0,0,1,1,0,0,1,1,1,0,0
dvid@@@ppqer9IflJsvScJRFFjBoQ==,1,1,0,1,1,1,0,0,0,1,1,0,0,1,1,1,1,1
dvid@@@ddQK1AptWb0r7rBxUr3hFw==,1,1,1,0,1,1,0,0,0,1,1,0,0,0,1,1,1,1
dvid@@@YmDJjpjHGzOU85ZUk3YMMA==,1,1,0,0,1,1,0,1,0,1,1,0,0,1,1,1,1,0
dvid@@@V5HP/SdjGTDnn43GVVoHsA==,1,1,0,0,0,1,0,0,0,1,1,0,0,1,1,1,1,0
dvid@@@2LOVwbj0ZsraM8Vo+frPwg==,1,1,0,0,0,1,0,0,0,1,1,0,0,0,1,1,1,1
(???),0,0,0,0,0,0,0,0,0,0,0,0,0,0,0,0,0,0
dvid@@@Oe5YSws/y3EgZrr9/OOjRA==,1,1,0,0,0,1,0,0,0,1,1,0,0,1,0,1,1,0
dvid@@@9OiNPG1vhNRU0/X0/bY4bQ==,1,1,0,0,0,1,0,0,0,1,1,0,0,1,1,1,1,0
dvid@@@VA3PbIBd0q7whc1qDpFj3Q==,0,1,0,0,0,1,0,0,0,1,1,0,0,1,1,1,1,0
dvid@@@T1Z1QfXArFS1LvmoJsEOyQ==,0,1,0,0,0,1,0,0,0,1,1,0,0,0,1,1,0,0
dvid@@@e0kFJ8Miuzl7svPPTek0Yw==,0,1,0,0,0,0,0,0,0,1,1,0,0,0,1,0,1,0
dvid@@@0uIf+V+J5c0rwmdLDkCsjWN9hmmXi/N7Af4pVA/WO5A=,1,1,0,0,0,1,0,0,0,1,1,0,0,1,1,1,1,0
dvid@@@H40LBXL05O1AByzRHPRqXg==,0,1,0,0,0,1,0,0,0,1,1,0,0,1,1,1,1,1
dvid@@@ORKV5ZVUIjUEuMQ2tZcs9Q==,1,1,0,0,0,0,0,0,0,1,1,0,0,1,0,1,1,0
dvid@@@IlYRjFtL851xLDp43T7yoA==,1,1,0,1,1,1,0,0,0,1,1,0,0,1,1,1,1,0
dvid@@@QrEoUDdY46CMzlPQzw3biw==,0,1,0,0,0,1,0,0,0,1,1,0,0,1,1,1,1,0
dvid@@@nW10ooZfrcHtEJmr4ztCVw==,0,1,0,0,1,1,0,0,0,1,1,0,0,0,1,1,1,0
dvid@@@EH3l1JWdMDsUqp6SiuTfTg==,0,1,0,1,1,1,0,0,0,1,1,0,0,1,1,1,1,1
dvid@@@/W30yUwyVnPagW3xOW085g==,0,1,0,0,0,0,0,0,0,1,1,0,0,1,1,1,0,1
dvid@@@2hLlMKx746fsxjlZX9jNcw==,1,1,0,0,0,1,0,0,0,1,1,0,0,1,1,1,1,0
dvid@@@NqsFYSwXd21wCxMWPLElQw==,1,1,0,0,0,1,0,0,0,1,1,0,0,1,1,1,0,1
dvid@@@f4CVR/oTalMyiQx6aPe/nA==,0,1,0,0,0,1,0,0,0,1,1,0,0,1,0,1,0,0
dvid@@@/dm4OrKRIoM6ZS+0HQ4jgQ==,1,1,0,0,0,1,0,0,0,1,1,0,0,1,1,1,0,0
dvid@@@XcRuqIA4akFdh05gcsjDlw==,1,1,0,0,0,1,0,0,0,1,1,0,0,1,0,1,1,0
dvid@@@ibEa6e1m7K384SMXVreWCg==,1,1,0,1,0,1,0,0,0,1,1,0,0,1,1,1,1,0
dvid@@@24QaSA0l5Mn+T579zl5dTA==,0,1,0,0,0,1,0,0,0,1,1,0,0,1,1,1,0,0
dvid@@@kkjYxFwJPCCEAISTL7hx0Q==,1,0,0,0,0,1,0,0,0,1,1,0,0,0,1,1,1,0
dvid@@@k2HcsZFsTIdc3xlgmfuvOg==,1,1,0,1,1,1,0,1,0,1,1,0,0,1,1,1,1,1
dvid@@@PRosovJp5DRcUrRLaILIvDeuDktSq4/sZi+kJxoV6+0=,0,1,0,1,0,0,0,0,0,1,1,0,0,0,1,0,0,0
dvid@@@p2ujUbnopnTS/CN3UIFzbQ==,1,1,0,0,0,1,0,0,0,1,1,0,0,1,1,1,0,1
dvid@@@j2itnffEUyVKqQaJhhfJJA==,1,1,0,1,0,1,0,1,0,1,1,0,0,1,0,0,1,1
dvid@@@5uHxMMbsPboTCvAahZodag==,0,1,0,0,0,1,0,0,0,1,1,0,0,1,1,0,1,0
dvid@@@+u1m4rkfVjs2Ez7LeO2+zw==,1,1,0,0,1,1,0,0,0,1,1,0,0,1,0,1,1,0
dvid@@@STc7NpqwigbWTGLhE2w3PA==,1,0,0,0,0,1,0,0,0,1,1,0,0,1,1,1,1,0
dvid@@@JbKi4p64DjO0ynfwJtzxug==,1,1,0,0,0,1,0,0,0,1,1,0,0,0,0,1,1,0
dvid@@@nl0wygr2XcYyTW7JrgvKQWN9hmmXi/N7Af4pVA/WO5A=,1,1,0,1,0,1,0,0,0,1,1,0,0,1,1,1,1,0
dvid@@@MSBfad8GvEfG4DKMcJu1fQ==,0,1,0,0,0,1,0,0,0,1,1,0,0,1,1,1,1,0
dvid@@@tS+pi53IzYDj7Fkg8k0L0A==,1,1,1,0,0,1,0,0,0,1,1,0,0,1,1,1,1,1
dvid@@@I6yiHV8FGBIY/eRDRF5LiQ==,0,1,0,0,0,1,0,0,0,1,1,0,0,1,1,1,1,1
dvid@@@jkkjGMBl+FPGt/ML27w2LQ==,1,1,0,0,0,1,0,0,0,1,1,0,0,1,0,1,0,0
dvid@@@Kr7HtUlJWvDUhu/iWKkcvw==,0,1,0,1,0,1,0,0,0,1,1,0,0,1,1,1,1,0
dvid@@@Evf9Q6IHjePJl/5xBFhpKQ==,0,0,0,0,0,1,0,0,0,1,1,0,0,1,1,1,0,0
dvid@@@B07W9R+LxhuG1UdWI2e27w==,0,1,0,0,0,1,0,0,1,1,1,0,0,1,1,1,1,1
dvid@@@x3P0+AW/SN9QXiT0u7dm3A==,0,1,0,0,0,0,0,0,0,1,1,0,0,1,0,0,1,0
dvid@@@GR2C73Vv7/xF678D7bIwVQ==,1,0,0,0,0,1,0,0,0,1,1,0,0,1,1,1,1,0
dvid@@@qev4Az8dqrXzEuuu+HprIQ==,0,1,0,0,0,1,0,0,0,1,1,0,0,0,0,1,0,0
dvid@@@OktZmbhsePMM08NgSTdSbg==,0,1,0,0,0,1,0,0,0,1,1,0,0,1,1,1,1,0
dvid@@@RC4Tsh4BNGikIyE//DHKHA==,1,1,0,0,0,1,0,0,0,1,1,0,0,1,0,0,1,0
dvid@@@KZ619Vz0k+RIZcj/juHhxw==,0,1,0,0,1,1,0,1,0,1,1,0,0,1,1,1,1,0
dvid@@@JECxQgXXGVYmeexwJilcbw==,1,1,0,1,0,1,0,0,0,1,1,0,0,1,1,1,1,0
dvid@@@4dGECaMTlAqxxXiFsKvORw==,1,1,0,0,0,1,0,0,0,1,1,0,0,1,0,1,1,0
dvid@@@QwUcBHW1u5GYGzVuX/PQRA==,0,1,0,1,0,1,0,0,0,1,1,0,0,1,1,1,1,0
dvid@@@E0mSGYsNg+w07td788ElZg==,0,1,0,0,1,1,0,0,0,1,1,0,0,1,1,0,1,0
dvid@@@NrPuROJJJ5PgCy3CUeFLVQ==,1,1,0,0,0,1,0,0,0,1,1,0,0,1,1,1,1,0
dvid@@@pMhknIssi5D0TL5gUhY5zw==,1,1,0,0,0,1,0,0,0,1,1,0,0,1,1,1,1,0
dvid@@@z899FEiiQofRuncTkZ73qQ==,1,0,0,0,0,0,0,0,0,1,1,0,0,0,0,1,0,0
dvid@@@3Opfq1dD/1xwb7bjBslCgQ==,1,1,0,0,0,1,0,0,0,1,1,0,0,0,1,1,1,0
dvid@@@lVvHaGkx6d7BNKoYspPiEg==,1,1,0,1,0,1,0,1,1,1,1,0,1,1,1,1,1,0
dvid@@@LT5VlyO55Ol5d+V/CWQaNA==,1,0,0,0,0,1,0,0,0,1,1,0,0,1,1,1,1,0
dvid@@@P0WscnMciJz9jpG5iOXpzmN9hmmXi/N7Af4pVA/WO5A=,0,1,0,0,1,1,0,0,0,1,1,0,0,0,0,0,1,0
dvid@@@ezYi6L1GAiixWJ7kPMWCtA==,0,1,0,0,0,1,0,0,0,1,1,0,0,1,1,1,1,0
dvid@@@8F/NNOrxrERfutHk1xNb7Q==,0,0,0,0,0,0,0,0,0,1,1,0,0,0,0,0,0,0
dvid@@@MmVmGiClFQo6TztQCEKXBw==,0,0,0,0,0,0,0,0,0,1,1,0,0,0,1,0,0,0
dvid@@@f39z/lFTtkp8U2mOPhyRnw==,1,1,0,0,0,1,0,0,0,1,1,0,0,1,1,1,1,1
dvid@@@hvMUXjMvpVDvwkZVVM+kmg==,0,1,0,0,0,1,0,0,0,1,1,0,0,1,1,1,1,0
dvid@@@mVtw3Ywb8Vxhq51Sx0WKqw==,1,1,0,1,0,1,0,0,0,1,1,0,0,1,1,1,1,0
dvid@@@47lK2yDbJL1LCNVRwPyzTg==,0,1,0,0,0,0,0,0,0,1,1,0,0,1,0,1,0,0
dvid@@@gk2rjEDvXeXY7xWNPTEK8Q==,0,1,0,0,0,1,0,1,0,1,1,0,0,1,1,1,1,1
dvid@@@szzEl0RIyCqVJN3D3MzQqg==,1,1,0,0,0,1,0,0,0,1,1,0,0,1,1,1,1,1
dvid@@@O3inUFDWlBbsS/q99iO1/A==,1,1,0,0,0,1,0,0,0,1,1,0,0,1,1,1,1,0
dvid@@@VYPt6u82eLK0vfrlXTxymg==,0,1,0,0,0,0,0,0,0,1,1,0,0,0,1,1,1,0
dvid@@@u1+wET8BlsydRM95xwGR1g==,0,1,0,0,1,1,0,0,0,1,1,0,0,1,1,1,1,0
dvid@@@ecvFM/LEstablphCQEqUoA==,0,1,0,0,0,1,0,0,0,1,1,0,0,1,1,1,0,0
dvid@@@joe8kY4hoBqVtvhuZXSAtA==,1,1,1,0,0,0,0,0,0,1,1,0,0,1,1,1,0,0
dvid@@@jKS37F/Sjv/Gch+CQSSB5A==,0,0,0,0,0,1,0,0,0,1,1,0,0,1,1,1,0,0
dvid@@@F3diWFuHlx0U8lpS7SVwYA==,0,1,0,0,0,0,0,0,0,1,1,0,0,1,1,0,0,0
dvid@@@UVAKCrVV9K5y6Yrv/8FipA==,1,1,0,1,0,1,0,0,0,1,1,0,0,1,1,1,1,1
dvid@@@yVCQKaXzpdcrH3rYuIs9QQ==,1,1,0,1,0,1,0,0,0,1,1,0,0,1,1,1,1,0
dvid@@@nwn6mS/Rc8XX4/+pw3+0Yw==,0,1,0,0,0,1,0,0,0,1,1,0,0,1,1,1,1,0
dvid@@@vYLT8LzdmGiEo5pKSZheGw==,1,0,0,0,0,0,0,0,0,1,1,0,0,1,0,0,1,0
dvid@@@v+xKx09HjpHI1Bpc27TMtQ==,0,1,0,0,0,1,0,0,0,1,1,0,0,1,1,1,1,1
dvid@@@OJyfsCIdUMde88WUitfqQw==,0,0,0,0,0,0,0,0,0,1,1,0,0,1,0,1,0,0
dvid@@@GrULvPJPbE6l1YG5x/Q/sg==,1,1,0,0,0,1,0,0,0,1,1,0,0,1,1,1,1,0
dvid@@@ajMW1LLBYAZnqHkz6Ea4Sg==,1,1,0,1,0,1,0,0,0,1,1,1,0,1,1,1,1,1
dvid@@@w0nksjdc6dohQdNQQ/cLuw==,1,0,0,0,0,1,0,0,0,1,1,0,0,1,0,0,1,0
dvid@@@Y2HRuFj9+fhETI1vwLVtYw==,1,1,0,0,0,1,0,0,0,1,1,0,0,0,0,0,1,0
dvid@@@7UGAafp7Bxdafu4/Pcolsw==,0,1,1,0,0,1,0,0,0,1,1,0,0,1,1,1,1,0
dvid@@@d+s3mQGM3CQI3jY82kPc8g==,0,1,0,0,0,0,0,0,0,1,1,0,0,0,0,1,1,0
dvid@@@Sl90+ZB4mICVTfddUnOADA==,1,1,0,0,0,1,0,0,0,1,1,0,0,1,1,1,1,1
dvid@@@ONicKo6ZG6R6EL8+pQaheWN9hmmXi/N7Af4pVA/WO5A=,0,1,0,0,1,0,0,0,0,1,0,0,0,0,1,1,0,0
dvid@@@+/+j7rC98IFqQ3HSQih+Yg==,0,1,0,0,0,1,0,0,0,1,1,0,0,0,0,0,0,0
dvid@@@CuTjxgDQZ4BPdRdg418HeQ==,0,1,0,0,0,1,0,0,0,1,1,0,0,0,1,1,1,0
dvid@@@a/VgkAp1YzV43EOvHnf/DA==,1,0,0,0,0,1,0,0,0,1,1,0,0,1,1,1,1,0
dvid@@@ov4kmS4MtGGd5acUJNrIgg==,0,1,0,0,0,1,0,0,0,1,1,0,0,1,1,1,1,0
dvid@@@/yF2Zk8aUDWKbVlpr1G3iw==,0,0,0,0,0,0,0,0,0,1,1,0,0,0,1,0,1,0
dvid@@@TTdB5Wd9ApyV17CkGL1rog==,0,1,0,0,0,1,0,0,0,1,1,0,0,1,1,1,1,0
dvid@@@/hSSKhT541QV7tzJXs1kPQ==,0,0,0,0,0,1,0,0,0,1,1,0,0,0,0,0,1,1
dvid@@@ScsqJWPFUjU6sEMDrzMFxw==,1,1,0,0,0,1,0,0,0,1,1,0,0,1,1,1,1,0
dvid@@@IHMcjeT/qwrbQKV5+EeQCQ==,1,1,0,1,0,1,0,0,0,1,1,0,0,1,1,1,1,1
dvid@@@U4zN+BcpGsS3COQSzq8t/g==,0,0,0,0,0,1,0,0,0,1,1,0,0,1,0,1,1,0
dvid@@@6UHD5OKE+enHafSruiDlFg==,1,1,0,0,0,1,0,0,0,1,1,0,0,1,1,1,1,0
dvid@@@fLa+rZGkDj7VR6nTzC43KQ==,1,0,0,0,0,0,0,0,0,1,1,0,0,0,0,1,1,1
dvid@@@MkDSVc1UpooqGvkfMMOZmg==,1,1,0,1,0,1,0,0,0,1,1,0,0,1,1,1,1,0
dvid@@@kTyx0UPR7pu1WEj/eIOb1A==,0,1,0,0,0,1,0,0,0,1,1,0,0,1,1,1,1,0
dvid@@@p7lRaIBndfFHMQPfarYzXw==,1,0,0,0,0,0,0,0,0,1,1,0,0,0,1,1,0,0
dvid@@@sGQnoAUbIh/EknrkLstUJA==,0,1,0,0,0,1,0,0,0,1,1,0,0,1,1,0,0,1
dvid@@@SV86re2BSKz5cQCq1IXIKw==,1,1,0,1,0,1,0,1,0,1,1,1,0,1,1,1,1,0
dvid@@@7x80Wz3sTB5OSJb1g+Jc9g==,0,0,0,0,0,0,0,0,0,1,1,0,0,1,1,1,0,0
dvid@@@BS1c+zvPmUj7HL15kEtd+A==,0,1,0,0,0,0,0,0,0,1,1,0,0,0,0,1,1,0
dvid@@@OD1yDAkKtn5tFuHuhGalNQ==,1,1,0,0,0,1,0,1,0,1,1,0,0,1,1,1,0,0
dvid@@@oziuDq4npARZeSJNBzjVOQ==,1,1,0,0,0,0,0,0,0,1,1,0,0,0,1,1,1,0
dvid@@@l7cIGjL9oRbae66vmv4uNA==,0,1,0,0,0,1,0,0,0,1,1,0,0,1,1,1,1,0
dvid@@@KFEQWtLvcoTxyATTXAkDfA==,0,1,0,0,0,1,0,0,0,1,1,0,0,1,1,1,1,1
dvid@@@noNBA5keCUUMiSwnTq9nlA==,0,1,0,0,0,1,0,0,0,1,1,0,0,1,1,1,1,0
dvid@@@vz/oQ66Xjtww4valU2wyEQ==,0,1,0,1,0,1,0,0,0,1,1,0,0,1,0,1,1,0
dvid@@@pIU4Xl9wM7a6YDZVmEqThw==,1,0,0,0,0,1,0,0,0,1,1,0,0,1,1,1,1,0
dvid@@@xMYa6SVnskX4svWvx5B8jw==,0,1,0,0,0,1,0,0,0,1,1,0,0,1,1,1,1,0
dvid@@@UtTLbow4F2Ubpn2VKV0eIg==,0,1,0,0,1,1,0,0,0,1,1,0,0,1,1,1,1,1
dvid@@@GS8YePuOQ0d/2szE/2wG5w==,0,0,0,0,0,1,0,0,0,1,1,0,0,1,0,0,1,0
dvid@@@dpU2JWRi6EencNHI0vNRYw==,1,1,0,0,0,0,0,0,0,1,1,0,0,0,1,1,1,1
dvid@@@Kecp9BgcZuhkxsgEO1ikJw==,0,1,0,0,0,1,0,0,0,1,1,0,0,1,0,1,1,0
dvid@@@wydFn74J0FuirNOF5ElxMg==,0,1,0,0,0,1,0,0,0,1,1,0,0,0,0,1,1,0
dvid@@@FmbvJaDtlHlpW4wtSzZSZA==,1,1,0,1,0,1,0,0,0,1,1,0,0,1,1,1,1,1
dvid@@@LCdyn6ieEcCPal72LANZtg==,1,1,0,0,1,1,0,0,0,1,1,0,0,1,1,1,1,0
dvid@@@weoQUjK8IyKGNARexQzYmw==,1,1,0,0,0,1,0,1,0,1,1,0,0,0,1,1,1,1
dvid@@@kcP0yMgMHf6UIZl4coS97Q==,0,1,0,0,0,1,0,1,0,1,1,0,0,1,1,1,1,0
dvid@@@7KHtag8bv2/MTtvQfb3Nfg==,0,1,0,0,0,1,0,0,0,1,1,0,0,1,0,1,1,0
dvid@@@VN1tHOQtVVBUyPySrcJtPw==,1,1,0,1,0,1,0,0,0,1,1,0,0,1,1,1,1,0
dvid@@@ZemirxY0WpIi5ccKKtnxbQ==,1,1,0,0,0,1,0,0,0,1,1,0,0,1,1,1,1,1
dvid@@@vrZst8K7h1kWypAvsHDthg==,1,1,0,0,0,1,0,0,0,1,1,0,0,1,1,1,1,0
dvid@@@f0LsTS1wTC1QIBZkdw4mCQ==,0,1,0,0,0,1,0,0,0,1,1,0,0,1,0,1,1,0
dvid@@@6vsRd9K5Al8orNk0oDJ19w==,1,1,0,0,0,1,0,0,0,1,1,0,0,1,1,1,1,1
dvid@@@4/x2LImCZKjKDF0As0sKtw==,1,0,0,0,0,1,0,0,0,1,1,0,0,0,1,1,1,0
dvid@@@MmYfKFdzU07Bf+g0SJxBjg==,0,1,0,0,0,0,0,0,0,1,1,0,0,0,0,0,0,0
dvid@@@xdt8QnO16XuoletxXKmG9ASFTUYHybAokpn9C31cVdQ=,0,1,0,0,0,1,0,0,0,1,1,0,0,1,1,1,1,0
dvid@@@HpHlqlNpsFgrXXmRHoPdMw==,0,0,0,0,0,1,0,0,0,1,1,0,0,1,1,1,0,0
dvid@@@8U40b75bxCYg1Xxo9rnulg==,0,1,0,0,0,1,0,0,0,1,1,0,0,1,1,1,1,1
dvid@@@PbM2+oIGJQDURPURpkxq8A==,0,1,0,0,0,1,0,0,0,1,1,0,0,1,0,1,1,0
dvid@@@rtalkruyD548mvOyEr+4iw==,1,1,1,1,0,1,0,0,0,1,1,0,1,1,1,1,1,1
dvid@@@JYaQBxuwgmsGwtjXPtJ0Kg==,0,1,0,0,0,1,0,0,0,1,1,0,0,1,0,1,1,0
dvid@@@2hFd8iMCKhVwxRqWxhpMqw==,1,0,0,0,0,1,0,0,0,1,1,0,0,1,1,1,1,0
dvid@@@v4gjvBr4DCZYlQVX2Jpfbw==,0,0,0,1,0,1,0,0,0,1,1,0,0,0,0,0,1,0
dvid@@@+JeQtdp07gY033Dmz+fTww==,0,1,0,0,0,1,0,0,0,1,1,0,0,0,1,1,1,0
dvid@@@212G4i1vM8jjMXzCwTRa4g==,1,1,0,1,1,1,0,0,0,1,1,0,0,0,0,1,1,1
dvid@@@P2V29CO8vi8OBZCuXH6w/Q==,1,0,0,0,1,1,0,0,0,1,1,0,0,1,1,1,0,0
dvid@@@P/Xexwo1eHnd0Ih21LKe8w==,1,1,0,0,0,1,0,0,0,1,1,0,0,0,0,1,0,0
dvid@@@bQ+vdaJ186Gf0i8mvlXilQ==,0,1,0,0,0,1,0,0,0,1,1,0,0,1,0,1,0,0
dvid@@@KsnU5/glXZdVyHLznBhyPA==,0,1,0,0,0,0,0,0,0,1,1,0,0,0,0,1,0,0
dvid@@@gGeIyRfW+CDqC2TmiYq6OQ==,0,1,0,0,0,1,0,0,0,1,1,0,0,0,1,1,1,1
dvid@@@p0XRrYnTwufkVlASUuOzyA==,1,1,0,0,0,1,0,0,0,1,1,0,0,1,1,1,1,0
dvid@@@XYps2ITgSoNmow2/dpW7yQ==,1,1,0,0,0,1,0,0,0,1,1,0,0,1,1,1,1,0
dvid@@@HwALF7pg7aYqYZw80XwDMw==,1,1,0,0,0,1,0,1,0,1,1,0,0,1,0,0,1,0
dvid@@@zUy7qTpD6Y4siT9ZtajWVQ==,0,1,0,0,0,1,0,0,0,1,1,0,0,1,0,0,0,0
dvid@@@9mKQ8Tje5HFMofGo1LIdkA==,1,1,0,0,1,1,0,0,0,1,1,0,0,1,1,1,1,0
dvid@@@sDvnttq0mT84R7Fv/XeIcw==,0,1,0,0,0,1,0,0,0,1,1,0,0,1,1,1,1,0
dvid@@@U8i0dqCLKJv1jCCQi60dTg==,0,1,0,0,0,1,0,0,0,1,1,0,0,1,1,1,1,1
dvid@@@LFl1SglL1IE4+gX4fLca+w==,0,1,0,0,0,1,0,0,0,1,1,0,0,1,1,1,1,0
dvid@@@5ePx93NPATH66EXyYjVvpA==,0,1,0,1,0,1,0,0,0,1,1,0,0,1,0,1,1,1
dvid@@@X4F++HB+XI5QofWgc7bdcw==,1,1,0,0,0,1,0,0,0,1,1,0,0,1,1,1,1,1
dvid@@@4XGscr4ViLoLM+PKjR7n4Q==,0,1,0,0,0,0,0,1,0,1,1,0,0,1,1,1,0,0
dvid@@@KaBVYdzOG6palvD0CoR17g==,1,1,0,0,0,0,0,0,0,1,1,0,0,0,1,1,1,0
dvid@@@4GSlyO/O+3dK04Eb6LGn0g==,0,1,1,0,0,1,0,0,0,1,1,0,0,1,1,1,1,0
dvid@@@aW+Hcq8q5ZEy2VwuPAxRRQ==,0,1,0,0,1,1,0,0,0,1,1,0,0,1,1,1,0,0
